report_name,report_agency,date,device,visits
Device type (Desktop/Mobile/Tablet),Department of Agriculture,1/31/24,desktop,406028
Device type (Desktop/Mobile/Tablet),Department of Agriculture,1/31/24,mobile,209551
Device type (Desktop/Mobile/Tablet),Department of Agriculture,1/31/24,tablet,5913
Device type (Desktop/Mobile/Tablet),Department of Agriculture,1/30/24,desktop,475754
Device type (Desktop/Mobile/Tablet),Department of Agriculture,1/30/24,mobile,205263
Device type (Desktop/Mobile/Tablet),Department of Agriculture,1/30/24,tablet,5471
Device type (Desktop/Mobile/Tablet),Department of Agriculture,1/29/24,desktop,413854
Device type (Desktop/Mobile/Tablet),Department of Agriculture,1/29/24,mobile,205395
Device type (Desktop/Mobile/Tablet),Department of Agriculture,1/29/24,tablet,5403
Device type (Desktop/Mobile/Tablet),Department of Agriculture,1/28/24,mobile,196970
Device type (Desktop/Mobile/Tablet),Department of Agriculture,1/28/24,desktop,138208
Device type (Desktop/Mobile/Tablet),Department of Agriculture,1/28/24,tablet,5136
Device type (Desktop/Mobile/Tablet),Department of Agriculture,1/27/24,mobile,184815
Device type (Desktop/Mobile/Tablet),Department of Agriculture,1/27/24,desktop,122802
Device type (Desktop/Mobile/Tablet),Department of Agriculture,1/27/24,tablet,4380
Device type (Desktop/Mobile/Tablet),Department of Agriculture,1/26/24,desktop,315326
Device type (Desktop/Mobile/Tablet),Department of Agriculture,1/26/24,mobile,183231
Device type (Desktop/Mobile/Tablet),Department of Agriculture,1/26/24,tablet,4690
Device type (Desktop/Mobile/Tablet),Department of Agriculture,1/25/24,desktop,379941
Device type (Desktop/Mobile/Tablet),Department of Agriculture,1/25/24,mobile,196387
Device type (Desktop/Mobile/Tablet),Department of Agriculture,1/25/24,tablet,5255
Device type (Desktop/Mobile/Tablet),Department of Agriculture,1/24/24,desktop,352538
Device type (Desktop/Mobile/Tablet),Department of Agriculture,1/24/24,mobile,197194
Device type (Desktop/Mobile/Tablet),Department of Agriculture,1/24/24,tablet,5266
Device type (Desktop/Mobile/Tablet),Department of Agriculture,1/23/24,desktop,365905
Device type (Desktop/Mobile/Tablet),Department of Agriculture,1/23/24,mobile,201017
Device type (Desktop/Mobile/Tablet),Department of Agriculture,1/23/24,tablet,5243
Device type (Desktop/Mobile/Tablet),Department of Agriculture,1/22/24,desktop,373669
Device type (Desktop/Mobile/Tablet),Department of Agriculture,1/22/24,mobile,202671
Device type (Desktop/Mobile/Tablet),Department of Agriculture,1/22/24,tablet,5533
Device type (Desktop/Mobile/Tablet),Department of Agriculture,1/21/24,mobile,200432
Device type (Desktop/Mobile/Tablet),Department of Agriculture,1/21/24,desktop,134686
Device type (Desktop/Mobile/Tablet),Department of Agriculture,1/21/24,tablet,5284
Device type (Desktop/Mobile/Tablet),Department of Agriculture,1/20/24,mobile,194299
Device type (Desktop/Mobile/Tablet),Department of Agriculture,1/20/24,desktop,114797
Device type (Desktop/Mobile/Tablet),Department of Agriculture,1/20/24,tablet,4970
Device type (Desktop/Mobile/Tablet),Department of Agriculture,1/19/24,desktop,310719
Device type (Desktop/Mobile/Tablet),Department of Agriculture,1/19/24,mobile,193726
Device type (Desktop/Mobile/Tablet),Department of Agriculture,1/19/24,tablet,4970
Device type (Desktop/Mobile/Tablet),Department of Agriculture,1/18/24,desktop,375276
Device type (Desktop/Mobile/Tablet),Department of Agriculture,1/18/24,mobile,198076
Device type (Desktop/Mobile/Tablet),Department of Agriculture,1/18/24,tablet,5342
Device type (Desktop/Mobile/Tablet),Department of Agriculture,1/17/24,desktop,355124
Device type (Desktop/Mobile/Tablet),Department of Agriculture,1/17/24,mobile,199675
Device type (Desktop/Mobile/Tablet),Department of Agriculture,1/17/24,tablet,5257
Device type (Desktop/Mobile/Tablet),Department of Agriculture,1/16/24,desktop,345716
Device type (Desktop/Mobile/Tablet),Department of Agriculture,1/16/24,mobile,196160
Device type (Desktop/Mobile/Tablet),Department of Agriculture,1/16/24,tablet,5071
Device type (Desktop/Mobile/Tablet),Department of Agriculture,1/15/24,mobile,197680
Device type (Desktop/Mobile/Tablet),Department of Agriculture,1/15/24,desktop,192261
Device type (Desktop/Mobile/Tablet),Department of Agriculture,1/15/24,tablet,4971
Device type (Desktop/Mobile/Tablet),Department of Agriculture,1/14/24,mobile,198202
Device type (Desktop/Mobile/Tablet),Department of Agriculture,1/14/24,desktop,122930
Device type (Desktop/Mobile/Tablet),Department of Agriculture,1/14/24,tablet,4863
Device type (Desktop/Mobile/Tablet),Department of Agriculture,1/13/24,mobile,190957
Device type (Desktop/Mobile/Tablet),Department of Agriculture,1/13/24,desktop,113846
Device type (Desktop/Mobile/Tablet),Department of Agriculture,1/13/24,tablet,4826
Device type (Desktop/Mobile/Tablet),Department of Agriculture,1/12/24,desktop,344380
Device type (Desktop/Mobile/Tablet),Department of Agriculture,1/12/24,mobile,196871
Device type (Desktop/Mobile/Tablet),Department of Agriculture,1/12/24,tablet,4748
Device type (Desktop/Mobile/Tablet),Department of Agriculture,1/11/24,desktop,336210
Device type (Desktop/Mobile/Tablet),Department of Agriculture,1/11/24,mobile,200093
Device type (Desktop/Mobile/Tablet),Department of Agriculture,1/11/24,tablet,5081
Device type (Desktop/Mobile/Tablet),Department of Agriculture,1/10/24,desktop,334939
Device type (Desktop/Mobile/Tablet),Department of Agriculture,1/10/24,mobile,203950
Device type (Desktop/Mobile/Tablet),Department of Agriculture,1/10/24,tablet,5113
Device type (Desktop/Mobile/Tablet),Department of Agriculture,1/9/24,desktop,328812
Device type (Desktop/Mobile/Tablet),Department of Agriculture,1/9/24,mobile,203861
Device type (Desktop/Mobile/Tablet),Department of Agriculture,1/9/24,tablet,4876
Device type (Desktop/Mobile/Tablet),Department of Agriculture,1/8/24,desktop,331133
Device type (Desktop/Mobile/Tablet),Department of Agriculture,1/8/24,mobile,202389
Device type (Desktop/Mobile/Tablet),Department of Agriculture,1/8/24,tablet,4686
Device type (Desktop/Mobile/Tablet),Department of Agriculture,1/7/24,mobile,206904
Device type (Desktop/Mobile/Tablet),Department of Agriculture,1/7/24,desktop,119761
Device type (Desktop/Mobile/Tablet),Department of Agriculture,1/7/24,tablet,4843
Device type (Desktop/Mobile/Tablet),Department of Agriculture,1/6/24,mobile,207481
Device type (Desktop/Mobile/Tablet),Department of Agriculture,1/6/24,desktop,104831
Device type (Desktop/Mobile/Tablet),Department of Agriculture,1/6/24,tablet,4748
Device type (Desktop/Mobile/Tablet),Department of Agriculture,1/5/24,desktop,281810
Device type (Desktop/Mobile/Tablet),Department of Agriculture,1/5/24,mobile,204600
Device type (Desktop/Mobile/Tablet),Department of Agriculture,1/5/24,tablet,4787
Device type (Desktop/Mobile/Tablet),Department of Agriculture,1/5/24,desktop,281810
Device type (Desktop/Mobile/Tablet),Department of Agriculture,1/5/24,mobile,204600
Device type (Desktop/Mobile/Tablet),Department of Agriculture,1/5/24,tablet,4787
Device type (Desktop/Mobile/Tablet),Department of Agriculture,1/4/24,desktop,300420
Device type (Desktop/Mobile/Tablet),Department of Agriculture,1/4/24,mobile,210830
Device type (Desktop/Mobile/Tablet),Department of Agriculture,1/4/24,tablet,5174
Device type (Desktop/Mobile/Tablet),Department of Agriculture,1/3/24,desktop,303427
Device type (Desktop/Mobile/Tablet),Department of Agriculture,1/3/24,mobile,218224
Device type (Desktop/Mobile/Tablet),Department of Agriculture,1/3/24,tablet,5130
Device type (Desktop/Mobile/Tablet),Department of Agriculture,1/2/24,desktop,270185
Device type (Desktop/Mobile/Tablet),Department of Agriculture,1/2/24,mobile,217032
Device type (Desktop/Mobile/Tablet),Department of Agriculture,1/2/24,tablet,4885
Device type (Desktop/Mobile/Tablet),Department of Agriculture,1/1/24,mobile,199266
Device type (Desktop/Mobile/Tablet),Department of Agriculture,1/1/24,desktop,101811
Device type (Desktop/Mobile/Tablet),Department of Agriculture,1/1/24,tablet,4727
Device type (Desktop/Mobile/Tablet),Department of Agriculture,2/29/24,desktop,388433
Device type (Desktop/Mobile/Tablet),Department of Agriculture,2/29/24,mobile,217439
Device type (Desktop/Mobile/Tablet),Department of Agriculture,2/29/24,tablet,5894
Device type (Desktop/Mobile/Tablet),Department of Agriculture,2/28/24,desktop,385785
Device type (Desktop/Mobile/Tablet),Department of Agriculture,2/28/24,mobile,219563
Device type (Desktop/Mobile/Tablet),Department of Agriculture,2/28/24,tablet,5905
Device type (Desktop/Mobile/Tablet),Department of Agriculture,2/27/24,desktop,390718
Device type (Desktop/Mobile/Tablet),Department of Agriculture,2/27/24,mobile,222511
Device type (Desktop/Mobile/Tablet),Department of Agriculture,2/27/24,tablet,5916
Device type (Desktop/Mobile/Tablet),Department of Agriculture,2/26/24,desktop,395304
Device type (Desktop/Mobile/Tablet),Department of Agriculture,2/26/24,mobile,220650
Device type (Desktop/Mobile/Tablet),Department of Agriculture,2/26/24,tablet,5868
Device type (Desktop/Mobile/Tablet),Department of Agriculture,2/25/24,mobile,213537
Device type (Desktop/Mobile/Tablet),Department of Agriculture,2/25/24,desktop,143348
Device type (Desktop/Mobile/Tablet),Department of Agriculture,2/25/24,tablet,5248
Device type (Desktop/Mobile/Tablet),Department of Agriculture,2/24/24,mobile,200004
Device type (Desktop/Mobile/Tablet),Department of Agriculture,2/24/24,desktop,116145
Device type (Desktop/Mobile/Tablet),Department of Agriculture,2/24/24,tablet,4687
Device type (Desktop/Mobile/Tablet),Department of Agriculture,2/23/24,desktop,328048
Device type (Desktop/Mobile/Tablet),Department of Agriculture,2/23/24,mobile,201496
Device type (Desktop/Mobile/Tablet),Department of Agriculture,2/23/24,tablet,5217
Device type (Desktop/Mobile/Tablet),Department of Agriculture,2/22/24,desktop,417438
Device type (Desktop/Mobile/Tablet),Department of Agriculture,2/22/24,mobile,211222
Device type (Desktop/Mobile/Tablet),Department of Agriculture,2/22/24,tablet,5497
Device type (Desktop/Mobile/Tablet),Department of Agriculture,2/21/24,desktop,378751
Device type (Desktop/Mobile/Tablet),Department of Agriculture,2/21/24,mobile,219478
Device type (Desktop/Mobile/Tablet),Department of Agriculture,2/21/24,tablet,5525
Device type (Desktop/Mobile/Tablet),Department of Agriculture,2/20/24,desktop,396188
Device type (Desktop/Mobile/Tablet),Department of Agriculture,2/20/24,mobile,224368
Device type (Desktop/Mobile/Tablet),Department of Agriculture,2/20/24,tablet,5696
Device type (Desktop/Mobile/Tablet),Department of Agriculture,2/19/24,desktop,240841
Device type (Desktop/Mobile/Tablet),Department of Agriculture,2/19/24,mobile,218627
Device type (Desktop/Mobile/Tablet),Department of Agriculture,2/19/24,tablet,5252
Device type (Desktop/Mobile/Tablet),Department of Agriculture,2/18/24,mobile,218911
Device type (Desktop/Mobile/Tablet),Department of Agriculture,2/18/24,desktop,144256
Device type (Desktop/Mobile/Tablet),Department of Agriculture,2/18/24,tablet,5312
Device type (Desktop/Mobile/Tablet),Department of Agriculture,2/17/24,mobile,203845
Device type (Desktop/Mobile/Tablet),Department of Agriculture,2/17/24,desktop,118227
Device type (Desktop/Mobile/Tablet),Department of Agriculture,2/17/24,tablet,4680
Device type (Desktop/Mobile/Tablet),Department of Agriculture,2/16/24,desktop,318559
Device type (Desktop/Mobile/Tablet),Department of Agriculture,2/16/24,mobile,203394
Device type (Desktop/Mobile/Tablet),Department of Agriculture,2/16/24,tablet,4864
Device type (Desktop/Mobile/Tablet),Department of Agriculture,2/15/24,desktop,443525
Device type (Desktop/Mobile/Tablet),Department of Agriculture,2/15/24,mobile,215526
Device type (Desktop/Mobile/Tablet),Department of Agriculture,2/15/24,tablet,5467
Device type (Desktop/Mobile/Tablet),Department of Agriculture,2/14/24,desktop,366204
Device type (Desktop/Mobile/Tablet),Department of Agriculture,2/14/24,mobile,198150
Device type (Desktop/Mobile/Tablet),Department of Agriculture,2/14/24,tablet,5027
Device type (Desktop/Mobile/Tablet),Department of Agriculture,2/13/24,desktop,439295
Device type (Desktop/Mobile/Tablet),Department of Agriculture,2/13/24,mobile,209706
Device type (Desktop/Mobile/Tablet),Department of Agriculture,2/13/24,tablet,5479
Device type (Desktop/Mobile/Tablet),Department of Agriculture,2/12/24,desktop,400223
Device type (Desktop/Mobile/Tablet),Department of Agriculture,2/12/24,mobile,201139
Device type (Desktop/Mobile/Tablet),Department of Agriculture,2/12/24,tablet,5488
Device type (Desktop/Mobile/Tablet),Department of Agriculture,2/11/24,mobile,184892
Device type (Desktop/Mobile/Tablet),Department of Agriculture,2/11/24,desktop,126077
Device type (Desktop/Mobile/Tablet),Department of Agriculture,2/11/24,tablet,4531
Device type (Desktop/Mobile/Tablet),Department of Agriculture,2/10/24,mobile,191127
Device type (Desktop/Mobile/Tablet),Department of Agriculture,2/10/24,desktop,119824
Device type (Desktop/Mobile/Tablet),Department of Agriculture,2/10/24,tablet,4590
Device type (Desktop/Mobile/Tablet),Department of Agriculture,2/9/24,desktop,338789
Device type (Desktop/Mobile/Tablet),Department of Agriculture,2/9/24,mobile,194965
Device type (Desktop/Mobile/Tablet),Department of Agriculture,2/9/24,tablet,5013
Device type (Desktop/Mobile/Tablet),Department of Agriculture,2/8/24,desktop,413331
Device type (Desktop/Mobile/Tablet),Department of Agriculture,2/8/24,mobile,217132
Device type (Desktop/Mobile/Tablet),Department of Agriculture,2/8/24,tablet,5574
Device type (Desktop/Mobile/Tablet),Department of Agriculture,2/7/24,desktop,401664
Device type (Desktop/Mobile/Tablet),Department of Agriculture,2/7/24,mobile,214314
Device type (Desktop/Mobile/Tablet),Department of Agriculture,2/7/24,tablet,5553
Device type (Desktop/Mobile/Tablet),Department of Agriculture,2/6/24,desktop,422433
Device type (Desktop/Mobile/Tablet),Department of Agriculture,2/6/24,mobile,207637
Device type (Desktop/Mobile/Tablet),Department of Agriculture,2/6/24,tablet,5612
Device type (Desktop/Mobile/Tablet),Department of Agriculture,2/5/24,desktop,391782
Device type (Desktop/Mobile/Tablet),Department of Agriculture,2/5/24,mobile,207806
Device type (Desktop/Mobile/Tablet),Department of Agriculture,2/5/24,tablet,6021
Device type (Desktop/Mobile/Tablet),Department of Agriculture,2/4/24,mobile,209253
Device type (Desktop/Mobile/Tablet),Department of Agriculture,2/4/24,desktop,151817
Device type (Desktop/Mobile/Tablet),Department of Agriculture,2/4/24,tablet,5837
Device type (Desktop/Mobile/Tablet),Department of Agriculture,2/3/24,mobile,200583
Device type (Desktop/Mobile/Tablet),Department of Agriculture,2/3/24,desktop,121441
Device type (Desktop/Mobile/Tablet),Department of Agriculture,2/3/24,tablet,5389
Device type (Desktop/Mobile/Tablet),Department of Agriculture,2/2/24,desktop,307252
Device type (Desktop/Mobile/Tablet),Department of Agriculture,2/2/24,mobile,197683
Device type (Desktop/Mobile/Tablet),Department of Agriculture,2/2/24,tablet,5770
Device type (Desktop/Mobile/Tablet),Department of Agriculture,2/1/24,desktop,395085
Device type (Desktop/Mobile/Tablet),Department of Agriculture,2/1/24,mobile,205491
Device type (Desktop/Mobile/Tablet),Department of Agriculture,2/1/24,tablet,5946
Device type (Desktop/Mobile/Tablet),Department of Agriculture,3/31/24,mobile,206338
Device type (Desktop/Mobile/Tablet),Department of Agriculture,3/31/24,desktop,118151
Device type (Desktop/Mobile/Tablet),Department of Agriculture,3/31/24,tablet,4882
Device type (Desktop/Mobile/Tablet),Department of Agriculture,3/30/24,mobile,200252
Device type (Desktop/Mobile/Tablet),Department of Agriculture,3/30/24,desktop,107720
Device type (Desktop/Mobile/Tablet),Department of Agriculture,3/30/24,tablet,4693
Device type (Desktop/Mobile/Tablet),Department of Agriculture,3/29/24,desktop,249541
Device type (Desktop/Mobile/Tablet),Department of Agriculture,3/29/24,mobile,216609
Device type (Desktop/Mobile/Tablet),Department of Agriculture,3/29/24,tablet,4940
Device type (Desktop/Mobile/Tablet),Department of Agriculture,3/28/24,desktop,344790
Device type (Desktop/Mobile/Tablet),Department of Agriculture,3/28/24,mobile,228014
Device type (Desktop/Mobile/Tablet),Department of Agriculture,3/28/24,tablet,5765
Device type (Desktop/Mobile/Tablet),Department of Agriculture,3/27/24,desktop,346001
Device type (Desktop/Mobile/Tablet),Department of Agriculture,3/27/24,mobile,225617
Device type (Desktop/Mobile/Tablet),Department of Agriculture,3/27/24,tablet,5567
Device type (Desktop/Mobile/Tablet),Department of Agriculture,3/26/24,desktop,370771
Device type (Desktop/Mobile/Tablet),Department of Agriculture,3/26/24,mobile,223425
Device type (Desktop/Mobile/Tablet),Department of Agriculture,3/26/24,tablet,5522
Device type (Desktop/Mobile/Tablet),Department of Agriculture,3/25/24,desktop,390201
Device type (Desktop/Mobile/Tablet),Department of Agriculture,3/25/24,mobile,228781
Device type (Desktop/Mobile/Tablet),Department of Agriculture,3/25/24,tablet,5683
Device type (Desktop/Mobile/Tablet),Department of Agriculture,3/24/24,mobile,216207
Device type (Desktop/Mobile/Tablet),Department of Agriculture,3/24/24,desktop,147578
Device type (Desktop/Mobile/Tablet),Department of Agriculture,3/24/24,tablet,5288
Device type (Desktop/Mobile/Tablet),Department of Agriculture,3/23/24,mobile,207569
Device type (Desktop/Mobile/Tablet),Department of Agriculture,3/23/24,desktop,124733
Device type (Desktop/Mobile/Tablet),Department of Agriculture,3/23/24,tablet,4717
Device type (Desktop/Mobile/Tablet),Department of Agriculture,3/22/24,desktop,306879
Device type (Desktop/Mobile/Tablet),Department of Agriculture,3/22/24,mobile,218063
Device type (Desktop/Mobile/Tablet),Department of Agriculture,3/22/24,tablet,4963
Device type (Desktop/Mobile/Tablet),Department of Agriculture,3/21/24,desktop,358635
Device type (Desktop/Mobile/Tablet),Department of Agriculture,3/21/24,mobile,218275
Device type (Desktop/Mobile/Tablet),Department of Agriculture,3/21/24,tablet,5635
Device type (Desktop/Mobile/Tablet),Department of Agriculture,3/20/24,desktop,363609
Device type (Desktop/Mobile/Tablet),Department of Agriculture,3/20/24,mobile,228204
Device type (Desktop/Mobile/Tablet),Department of Agriculture,3/20/24,tablet,5598
Device type (Desktop/Mobile/Tablet),Department of Agriculture,3/19/24,desktop,360501
Device type (Desktop/Mobile/Tablet),Department of Agriculture,3/19/24,mobile,228205
Device type (Desktop/Mobile/Tablet),Department of Agriculture,3/19/24,tablet,5622
Device type (Desktop/Mobile/Tablet),Department of Agriculture,3/18/24,desktop,368631
Device type (Desktop/Mobile/Tablet),Department of Agriculture,3/18/24,mobile,227196
Device type (Desktop/Mobile/Tablet),Department of Agriculture,3/18/24,tablet,5676
Device type (Desktop/Mobile/Tablet),Department of Agriculture,3/17/24,mobile,221532
Device type (Desktop/Mobile/Tablet),Department of Agriculture,3/17/24,desktop,139794
Device type (Desktop/Mobile/Tablet),Department of Agriculture,3/17/24,tablet,5349
Device type (Desktop/Mobile/Tablet),Department of Agriculture,3/16/24,mobile,209433
Device type (Desktop/Mobile/Tablet),Department of Agriculture,3/16/24,desktop,113717
Device type (Desktop/Mobile/Tablet),Department of Agriculture,3/16/24,tablet,4747
Device type (Desktop/Mobile/Tablet),Department of Agriculture,3/15/24,desktop,321473
Device type (Desktop/Mobile/Tablet),Department of Agriculture,3/15/24,mobile,214712
Device type (Desktop/Mobile/Tablet),Department of Agriculture,3/15/24,tablet,4808
Device type (Desktop/Mobile/Tablet),Department of Agriculture,3/14/24,desktop,399039
Device type (Desktop/Mobile/Tablet),Department of Agriculture,3/14/24,mobile,219331
Device type (Desktop/Mobile/Tablet),Department of Agriculture,3/14/24,tablet,5294
Device type (Desktop/Mobile/Tablet),Department of Agriculture,3/13/24,desktop,338187
Device type (Desktop/Mobile/Tablet),Department of Agriculture,3/13/24,mobile,219835
Device type (Desktop/Mobile/Tablet),Department of Agriculture,3/13/24,tablet,5350
Device type (Desktop/Mobile/Tablet),Department of Agriculture,3/12/24,desktop,357967
Device type (Desktop/Mobile/Tablet),Department of Agriculture,3/12/24,mobile,228299
Device type (Desktop/Mobile/Tablet),Department of Agriculture,3/12/24,tablet,5267
Device type (Desktop/Mobile/Tablet),Department of Agriculture,3/11/24,desktop,383669
Device type (Desktop/Mobile/Tablet),Department of Agriculture,3/11/24,mobile,231471
Device type (Desktop/Mobile/Tablet),Department of Agriculture,3/11/24,tablet,5742
Device type (Desktop/Mobile/Tablet),Department of Agriculture,3/10/24,mobile,216286
Device type (Desktop/Mobile/Tablet),Department of Agriculture,3/10/24,desktop,133423
Device type (Desktop/Mobile/Tablet),Department of Agriculture,3/10/24,tablet,5125
Device type (Desktop/Mobile/Tablet),Department of Agriculture,3/9/24,mobile,212846
Device type (Desktop/Mobile/Tablet),Department of Agriculture,3/9/24,desktop,118080
Device type (Desktop/Mobile/Tablet),Department of Agriculture,3/9/24,tablet,5031
Device type (Desktop/Mobile/Tablet),Department of Agriculture,3/8/24,desktop,318661
Device type (Desktop/Mobile/Tablet),Department of Agriculture,3/8/24,mobile,206663
Device type (Desktop/Mobile/Tablet),Department of Agriculture,3/8/24,tablet,4997
Device type (Desktop/Mobile/Tablet),Department of Agriculture,3/7/24,desktop,385195
Device type (Desktop/Mobile/Tablet),Department of Agriculture,3/7/24,mobile,216964
Device type (Desktop/Mobile/Tablet),Department of Agriculture,3/7/24,tablet,5543
Device type (Desktop/Mobile/Tablet),Department of Agriculture,3/6/24,desktop,387006
Device type (Desktop/Mobile/Tablet),Department of Agriculture,3/6/24,mobile,230967
Device type (Desktop/Mobile/Tablet),Department of Agriculture,3/6/24,tablet,5756
Device type (Desktop/Mobile/Tablet),Department of Agriculture,3/5/24,desktop,388457
Device type (Desktop/Mobile/Tablet),Department of Agriculture,3/5/24,mobile,222275
Device type (Desktop/Mobile/Tablet),Department of Agriculture,3/5/24,tablet,5692
Device type (Desktop/Mobile/Tablet),Department of Agriculture,3/4/24,desktop,399400
Device type (Desktop/Mobile/Tablet),Department of Agriculture,3/4/24,mobile,225235
Device type (Desktop/Mobile/Tablet),Department of Agriculture,3/4/24,tablet,5688
Device type (Desktop/Mobile/Tablet),Department of Agriculture,3/3/24,mobile,222514
Device type (Desktop/Mobile/Tablet),Department of Agriculture,3/3/24,desktop,146021
Device type (Desktop/Mobile/Tablet),Department of Agriculture,3/3/24,tablet,5657
Device type (Desktop/Mobile/Tablet),Department of Agriculture,3/2/24,mobile,208358
Device type (Desktop/Mobile/Tablet),Department of Agriculture,3/2/24,desktop,121080
Device type (Desktop/Mobile/Tablet),Department of Agriculture,3/2/24,tablet,5205
Device type (Desktop/Mobile/Tablet),Department of Agriculture,3/1/24,desktop,307436
Device type (Desktop/Mobile/Tablet),Department of Agriculture,3/1/24,mobile,210474
Device type (Desktop/Mobile/Tablet),Department of Agriculture,3/1/24,tablet,5497
Device type (Desktop/Mobile/Tablet),Department of Agriculture,4/30/24,desktop,327309
Device type (Desktop/Mobile/Tablet),Department of Agriculture,4/30/24,mobile,241054
Device type (Desktop/Mobile/Tablet),Department of Agriculture,4/30/24,tablet,5574
Device type (Desktop/Mobile/Tablet),Department of Agriculture,4/29/24,desktop,356906
Device type (Desktop/Mobile/Tablet),Department of Agriculture,4/29/24,mobile,245353
Device type (Desktop/Mobile/Tablet),Department of Agriculture,4/29/24,tablet,5946
Device type (Desktop/Mobile/Tablet),Department of Agriculture,4/28/24,mobile,246146
Device type (Desktop/Mobile/Tablet),Department of Agriculture,4/28/24,desktop,144023
Device type (Desktop/Mobile/Tablet),Department of Agriculture,4/28/24,tablet,5429
Device type (Desktop/Mobile/Tablet),Department of Agriculture,4/27/24,mobile,224498
Device type (Desktop/Mobile/Tablet),Department of Agriculture,4/27/24,desktop,110457
Device type (Desktop/Mobile/Tablet),Department of Agriculture,4/27/24,tablet,4740
Device type (Desktop/Mobile/Tablet),Department of Agriculture,4/26/24,desktop,273186
Device type (Desktop/Mobile/Tablet),Department of Agriculture,4/26/24,mobile,228491
Device type (Desktop/Mobile/Tablet),Department of Agriculture,4/26/24,tablet,5548
Device type (Desktop/Mobile/Tablet),Department of Agriculture,4/25/24,desktop,319540
Device type (Desktop/Mobile/Tablet),Department of Agriculture,4/25/24,mobile,235615
Device type (Desktop/Mobile/Tablet),Department of Agriculture,4/25/24,tablet,5420
Device type (Desktop/Mobile/Tablet),Department of Agriculture,4/24/24,desktop,333838
Device type (Desktop/Mobile/Tablet),Department of Agriculture,4/24/24,mobile,255648
Device type (Desktop/Mobile/Tablet),Department of Agriculture,4/24/24,tablet,5896
Device type (Desktop/Mobile/Tablet),Department of Agriculture,4/23/24,desktop,337813
Device type (Desktop/Mobile/Tablet),Department of Agriculture,4/23/24,mobile,262231
Device type (Desktop/Mobile/Tablet),Department of Agriculture,4/23/24,tablet,6048
Device type (Desktop/Mobile/Tablet),Department of Agriculture,4/22/24,desktop,356464
Device type (Desktop/Mobile/Tablet),Department of Agriculture,4/22/24,mobile,294986
Device type (Desktop/Mobile/Tablet),Department of Agriculture,4/22/24,tablet,6923
Device type (Desktop/Mobile/Tablet),Department of Agriculture,4/21/24,mobile,265844
Device type (Desktop/Mobile/Tablet),Department of Agriculture,4/21/24,desktop,143582
Device type (Desktop/Mobile/Tablet),Department of Agriculture,4/21/24,tablet,5957
Device type (Desktop/Mobile/Tablet),Department of Agriculture,4/20/24,mobile,233540
Device type (Desktop/Mobile/Tablet),Department of Agriculture,4/20/24,desktop,113094
Device type (Desktop/Mobile/Tablet),Department of Agriculture,4/20/24,tablet,5260
Device type (Desktop/Mobile/Tablet),Department of Agriculture,4/19/24,desktop,258314
Device type (Desktop/Mobile/Tablet),Department of Agriculture,4/19/24,mobile,220834
Device type (Desktop/Mobile/Tablet),Department of Agriculture,4/19/24,tablet,4991
Device type (Desktop/Mobile/Tablet),Department of Agriculture,4/18/24,desktop,338079
Device type (Desktop/Mobile/Tablet),Department of Agriculture,4/18/24,mobile,234165
Device type (Desktop/Mobile/Tablet),Department of Agriculture,4/18/24,tablet,5642
Device type (Desktop/Mobile/Tablet),Department of Agriculture,4/17/24,desktop,330117
Device type (Desktop/Mobile/Tablet),Department of Agriculture,4/17/24,mobile,225963
Device type (Desktop/Mobile/Tablet),Department of Agriculture,4/17/24,tablet,5637
Device type (Desktop/Mobile/Tablet),Department of Agriculture,4/16/24,desktop,342152
Device type (Desktop/Mobile/Tablet),Department of Agriculture,4/16/24,mobile,223258
Device type (Desktop/Mobile/Tablet),Department of Agriculture,4/16/24,tablet,5566
Device type (Desktop/Mobile/Tablet),Department of Agriculture,4/15/24,desktop,353960
Device type (Desktop/Mobile/Tablet),Department of Agriculture,4/15/24,mobile,225610
Device type (Desktop/Mobile/Tablet),Department of Agriculture,4/15/24,tablet,5472
Device type (Desktop/Mobile/Tablet),Department of Agriculture,4/14/24,mobile,221721
Device type (Desktop/Mobile/Tablet),Department of Agriculture,4/14/24,desktop,137124
Device type (Desktop/Mobile/Tablet),Department of Agriculture,4/14/24,tablet,4913
Device type (Desktop/Mobile/Tablet),Department of Agriculture,4/13/24,mobile,209915
Device type (Desktop/Mobile/Tablet),Department of Agriculture,4/13/24,desktop,112984
Device type (Desktop/Mobile/Tablet),Department of Agriculture,4/13/24,tablet,4455
Device type (Desktop/Mobile/Tablet),Department of Agriculture,4/12/24,desktop,272476
Device type (Desktop/Mobile/Tablet),Department of Agriculture,4/12/24,mobile,211653
Device type (Desktop/Mobile/Tablet),Department of Agriculture,4/12/24,tablet,4818
Device type (Desktop/Mobile/Tablet),Department of Agriculture,4/11/24,desktop,337646
Device type (Desktop/Mobile/Tablet),Department of Agriculture,4/11/24,mobile,221278
Device type (Desktop/Mobile/Tablet),Department of Agriculture,4/11/24,tablet,5567
Device type (Desktop/Mobile/Tablet),Department of Agriculture,4/10/24,desktop,326525
Device type (Desktop/Mobile/Tablet),Department of Agriculture,4/10/24,mobile,220313
Device type (Desktop/Mobile/Tablet),Department of Agriculture,4/10/24,tablet,5535
Device type (Desktop/Mobile/Tablet),Department of Agriculture,4/9/24,desktop,333901
Device type (Desktop/Mobile/Tablet),Department of Agriculture,4/9/24,mobile,217736
Device type (Desktop/Mobile/Tablet),Department of Agriculture,4/9/24,tablet,5256
Device type (Desktop/Mobile/Tablet),Department of Agriculture,4/8/24,desktop,324563
Device type (Desktop/Mobile/Tablet),Department of Agriculture,4/8/24,mobile,211264
Device type (Desktop/Mobile/Tablet),Department of Agriculture,4/8/24,tablet,5129
Device type (Desktop/Mobile/Tablet),Department of Agriculture,4/7/24,mobile,225112
Device type (Desktop/Mobile/Tablet),Department of Agriculture,4/7/24,desktop,135317
Device type (Desktop/Mobile/Tablet),Department of Agriculture,4/7/24,tablet,5223
Device type (Desktop/Mobile/Tablet),Department of Agriculture,4/6/24,mobile,210697
Device type (Desktop/Mobile/Tablet),Department of Agriculture,4/6/24,desktop,114467
Device type (Desktop/Mobile/Tablet),Department of Agriculture,4/6/24,tablet,4832
Device type (Desktop/Mobile/Tablet),Department of Agriculture,4/5/24,desktop,284153
Device type (Desktop/Mobile/Tablet),Department of Agriculture,4/5/24,mobile,206898
Device type (Desktop/Mobile/Tablet),Department of Agriculture,4/5/24,tablet,4857
Device type (Desktop/Mobile/Tablet),Department of Agriculture,4/4/24,desktop,330034
Device type (Desktop/Mobile/Tablet),Department of Agriculture,4/4/24,mobile,215232
Device type (Desktop/Mobile/Tablet),Department of Agriculture,4/4/24,tablet,5153
Device type (Desktop/Mobile/Tablet),Department of Agriculture,4/3/24,desktop,327751
Device type (Desktop/Mobile/Tablet),Department of Agriculture,4/3/24,mobile,223159
Device type (Desktop/Mobile/Tablet),Department of Agriculture,4/3/24,tablet,5514
Device type (Desktop/Mobile/Tablet),Department of Agriculture,4/2/24,desktop,348351
Device type (Desktop/Mobile/Tablet),Department of Agriculture,4/2/24,mobile,224346
Device type (Desktop/Mobile/Tablet),Department of Agriculture,4/2/24,tablet,5514
Device type (Desktop/Mobile/Tablet),Department of Agriculture,4/1/24,desktop,332669
Device type (Desktop/Mobile/Tablet),Department of Agriculture,4/1/24,mobile,224786
Device type (Desktop/Mobile/Tablet),Department of Agriculture,4/1/24,tablet,5355
Device type (Desktop/Mobile/Tablet),Department of Agriculture,5/31/24,mobile,268102
Device type (Desktop/Mobile/Tablet),Department of Agriculture,5/31/24,desktop,257383
Device type (Desktop/Mobile/Tablet),Department of Agriculture,5/31/24,tablet,5184
Device type (Desktop/Mobile/Tablet),Department of Agriculture,5/30/24,mobile,292995
Device type (Desktop/Mobile/Tablet),Department of Agriculture,5/30/24,desktop,292664
Device type (Desktop/Mobile/Tablet),Department of Agriculture,5/30/24,tablet,5667
Device type (Desktop/Mobile/Tablet),Department of Agriculture,5/29/24,desktop,340239
Device type (Desktop/Mobile/Tablet),Department of Agriculture,5/29/24,mobile,292252
Device type (Desktop/Mobile/Tablet),Department of Agriculture,5/29/24,tablet,5995
Device type (Desktop/Mobile/Tablet),Department of Agriculture,5/28/24,desktop,321496
Device type (Desktop/Mobile/Tablet),Department of Agriculture,5/28/24,mobile,285613
Device type (Desktop/Mobile/Tablet),Department of Agriculture,5/28/24,tablet,5399
Device type (Desktop/Mobile/Tablet),Department of Agriculture,5/27/24,mobile,297057
Device type (Desktop/Mobile/Tablet),Department of Agriculture,5/27/24,desktop,159823
Device type (Desktop/Mobile/Tablet),Department of Agriculture,5/27/24,tablet,5619
Device type (Desktop/Mobile/Tablet),Department of Agriculture,5/26/24,mobile,297283
Device type (Desktop/Mobile/Tablet),Department of Agriculture,5/26/24,desktop,122692
Device type (Desktop/Mobile/Tablet),Department of Agriculture,5/26/24,tablet,5682
Device type (Desktop/Mobile/Tablet),Department of Agriculture,5/25/24,mobile,278997
Device type (Desktop/Mobile/Tablet),Department of Agriculture,5/25/24,desktop,108073
Device type (Desktop/Mobile/Tablet),Department of Agriculture,5/25/24,tablet,5074
Device type (Desktop/Mobile/Tablet),Department of Agriculture,5/24/24,mobile,272329
Device type (Desktop/Mobile/Tablet),Department of Agriculture,5/24/24,desktop,242041
Device type (Desktop/Mobile/Tablet),Department of Agriculture,5/24/24,tablet,5096
Device type (Desktop/Mobile/Tablet),Department of Agriculture,5/23/24,desktop,308650
Device type (Desktop/Mobile/Tablet),Department of Agriculture,5/23/24,mobile,271487
Device type (Desktop/Mobile/Tablet),Department of Agriculture,5/23/24,tablet,5299
Device type (Desktop/Mobile/Tablet),Department of Agriculture,5/22/24,desktop,312023
Device type (Desktop/Mobile/Tablet),Department of Agriculture,5/22/24,mobile,269211
Device type (Desktop/Mobile/Tablet),Department of Agriculture,5/22/24,tablet,5465
Device type (Desktop/Mobile/Tablet),Department of Agriculture,5/21/24,desktop,336405
Device type (Desktop/Mobile/Tablet),Department of Agriculture,5/21/24,mobile,270107
Device type (Desktop/Mobile/Tablet),Department of Agriculture,5/21/24,tablet,5448
Device type (Desktop/Mobile/Tablet),Department of Agriculture,5/20/24,desktop,319503
Device type (Desktop/Mobile/Tablet),Department of Agriculture,5/20/24,mobile,270544
Device type (Desktop/Mobile/Tablet),Department of Agriculture,5/20/24,tablet,5853
Device type (Desktop/Mobile/Tablet),Department of Agriculture,5/19/24,mobile,261491
Device type (Desktop/Mobile/Tablet),Department of Agriculture,5/19/24,desktop,124074
Device type (Desktop/Mobile/Tablet),Department of Agriculture,5/19/24,tablet,5475
Device type (Desktop/Mobile/Tablet),Department of Agriculture,5/18/24,mobile,243524
Device type (Desktop/Mobile/Tablet),Department of Agriculture,5/18/24,desktop,112038
Device type (Desktop/Mobile/Tablet),Department of Agriculture,5/18/24,tablet,4896
Device type (Desktop/Mobile/Tablet),Department of Agriculture,5/17/24,desktop,270900
Device type (Desktop/Mobile/Tablet),Department of Agriculture,5/17/24,mobile,237264
Device type (Desktop/Mobile/Tablet),Department of Agriculture,5/17/24,tablet,4865
Device type (Desktop/Mobile/Tablet),Department of Agriculture,5/16/24,desktop,335963
Device type (Desktop/Mobile/Tablet),Department of Agriculture,5/16/24,mobile,237890
Device type (Desktop/Mobile/Tablet),Department of Agriculture,5/16/24,tablet,5181
Device type (Desktop/Mobile/Tablet),Department of Agriculture,5/15/24,desktop,333324
Device type (Desktop/Mobile/Tablet),Department of Agriculture,5/15/24,mobile,245461
Device type (Desktop/Mobile/Tablet),Department of Agriculture,5/15/24,tablet,5758
Device type (Desktop/Mobile/Tablet),Department of Agriculture,5/14/24,desktop,356480
Device type (Desktop/Mobile/Tablet),Department of Agriculture,5/14/24,mobile,249515
Device type (Desktop/Mobile/Tablet),Department of Agriculture,5/14/24,tablet,5752
Device type (Desktop/Mobile/Tablet),Department of Agriculture,5/13/24,desktop,347042
Device type (Desktop/Mobile/Tablet),Department of Agriculture,5/13/24,mobile,245184
Device type (Desktop/Mobile/Tablet),Department of Agriculture,5/13/24,tablet,6049
Device type (Desktop/Mobile/Tablet),Department of Agriculture,5/12/24,mobile,230756
Device type (Desktop/Mobile/Tablet),Department of Agriculture,5/12/24,desktop,110486
Device type (Desktop/Mobile/Tablet),Department of Agriculture,5/12/24,tablet,4564
Device type (Desktop/Mobile/Tablet),Department of Agriculture,5/11/24,mobile,227890
Device type (Desktop/Mobile/Tablet),Department of Agriculture,5/11/24,desktop,100846
Device type (Desktop/Mobile/Tablet),Department of Agriculture,5/11/24,tablet,4287
Device type (Desktop/Mobile/Tablet),Department of Agriculture,5/10/24,desktop,276224
Device type (Desktop/Mobile/Tablet),Department of Agriculture,5/10/24,mobile,231667
Device type (Desktop/Mobile/Tablet),Department of Agriculture,5/10/24,tablet,4962
Device type (Desktop/Mobile/Tablet),Department of Agriculture,5/9/24,desktop,322863
Device type (Desktop/Mobile/Tablet),Department of Agriculture,5/9/24,mobile,232301
Device type (Desktop/Mobile/Tablet),Department of Agriculture,5/9/24,tablet,5261
Device type (Desktop/Mobile/Tablet),Department of Agriculture,5/8/24,desktop,328067
Device type (Desktop/Mobile/Tablet),Department of Agriculture,5/8/24,mobile,236359
Device type (Desktop/Mobile/Tablet),Department of Agriculture,5/8/24,tablet,5376
Device type (Desktop/Mobile/Tablet),Department of Agriculture,5/7/24,desktop,326171
Device type (Desktop/Mobile/Tablet),Department of Agriculture,5/7/24,mobile,243983
Device type (Desktop/Mobile/Tablet),Department of Agriculture,5/7/24,tablet,5781
Device type (Desktop/Mobile/Tablet),Department of Agriculture,5/6/24,desktop,334155
Device type (Desktop/Mobile/Tablet),Department of Agriculture,5/6/24,mobile,252549
Device type (Desktop/Mobile/Tablet),Department of Agriculture,5/6/24,tablet,5882
Device type (Desktop/Mobile/Tablet),Department of Agriculture,5/5/24,mobile,246784
Device type (Desktop/Mobile/Tablet),Department of Agriculture,5/5/24,desktop,128978
Device type (Desktop/Mobile/Tablet),Department of Agriculture,5/5/24,tablet,5742
Device type (Desktop/Mobile/Tablet),Department of Agriculture,5/4/24,mobile,231384
Device type (Desktop/Mobile/Tablet),Department of Agriculture,5/4/24,desktop,110860
Device type (Desktop/Mobile/Tablet),Department of Agriculture,5/4/24,tablet,5146
Device type (Desktop/Mobile/Tablet),Department of Agriculture,5/3/24,desktop,264835
Device type (Desktop/Mobile/Tablet),Department of Agriculture,5/3/24,mobile,255196
Device type (Desktop/Mobile/Tablet),Department of Agriculture,5/3/24,tablet,6000
Device type (Desktop/Mobile/Tablet),Department of Agriculture,5/2/24,desktop,324563
Device type (Desktop/Mobile/Tablet),Department of Agriculture,5/2/24,mobile,276385
Device type (Desktop/Mobile/Tablet),Department of Agriculture,5/2/24,tablet,7004
Device type (Desktop/Mobile/Tablet),Department of Agriculture,5/1/24,desktop,315050
Device type (Desktop/Mobile/Tablet),Department of Agriculture,5/1/24,mobile,244291
Device type (Desktop/Mobile/Tablet),Department of Agriculture,5/1/24,tablet,5820
Device type (Desktop/Mobile/Tablet),Department of Agriculture,6/23/24,mobile,418999
Device type (Desktop/Mobile/Tablet),Department of Agriculture,6/23/24,desktop,133696
Device type (Desktop/Mobile/Tablet),Department of Agriculture,6/23/24,tablet,6302
Device type (Desktop/Mobile/Tablet),Department of Agriculture,6/22/24,mobile,514291
Device type (Desktop/Mobile/Tablet),Department of Agriculture,6/22/24,desktop,122171
Device type (Desktop/Mobile/Tablet),Department of Agriculture,6/22/24,tablet,6341
Device type (Desktop/Mobile/Tablet),Department of Agriculture,6/21/24,mobile,388803
Device type (Desktop/Mobile/Tablet),Department of Agriculture,6/21/24,desktop,281796
Device type (Desktop/Mobile/Tablet),Department of Agriculture,6/21/24,tablet,6176
Device type (Desktop/Mobile/Tablet),Department of Agriculture,6/20/24,mobile,341177
Device type (Desktop/Mobile/Tablet),Department of Agriculture,6/20/24,desktop,302044
Device type (Desktop/Mobile/Tablet),Department of Agriculture,6/20/24,tablet,6368
Device type (Desktop/Mobile/Tablet),Department of Agriculture,6/19/24,mobile,337517
Device type (Desktop/Mobile/Tablet),Department of Agriculture,6/19/24,desktop,213323
Device type (Desktop/Mobile/Tablet),Department of Agriculture,6/19/24,tablet,6311
Device type (Desktop/Mobile/Tablet),Department of Agriculture,6/18/24,mobile,311329
Device type (Desktop/Mobile/Tablet),Department of Agriculture,6/18/24,desktop,310320
Device type (Desktop/Mobile/Tablet),Department of Agriculture,6/18/24,tablet,5658
Device type (Desktop/Mobile/Tablet),Department of Agriculture,6/17/24,desktop,332919
Device type (Desktop/Mobile/Tablet),Department of Agriculture,6/17/24,mobile,306559
Device type (Desktop/Mobile/Tablet),Department of Agriculture,6/17/24,tablet,5705
Device type (Desktop/Mobile/Tablet),Department of Agriculture,6/16/24,mobile,289771
Device type (Desktop/Mobile/Tablet),Department of Agriculture,6/16/24,desktop,123060
Device type (Desktop/Mobile/Tablet),Department of Agriculture,6/16/24,tablet,5849
Device type (Desktop/Mobile/Tablet),Department of Agriculture,6/15/24,mobile,287599
Device type (Desktop/Mobile/Tablet),Department of Agriculture,6/15/24,desktop,112231
Device type (Desktop/Mobile/Tablet),Department of Agriculture,6/15/24,tablet,5519
Device type (Desktop/Mobile/Tablet),Department of Agriculture,6/14/24,mobile,286393
Device type (Desktop/Mobile/Tablet),Department of Agriculture,6/14/24,desktop,250653
Device type (Desktop/Mobile/Tablet),Department of Agriculture,6/14/24,tablet,5372
Device type (Desktop/Mobile/Tablet),Department of Agriculture,6/13/24,desktop,308380
Device type (Desktop/Mobile/Tablet),Department of Agriculture,6/13/24,mobile,300282
Device type (Desktop/Mobile/Tablet),Department of Agriculture,6/13/24,tablet,5781
Device type (Desktop/Mobile/Tablet),Department of Agriculture,6/12/24,mobile,332762
Device type (Desktop/Mobile/Tablet),Department of Agriculture,6/12/24,desktop,314249
Device type (Desktop/Mobile/Tablet),Department of Agriculture,6/12/24,tablet,6350
Device type (Desktop/Mobile/Tablet),Department of Agriculture,6/11/24,mobile,329906
Device type (Desktop/Mobile/Tablet),Department of Agriculture,6/11/24,desktop,314807
Device type (Desktop/Mobile/Tablet),Department of Agriculture,6/11/24,tablet,6403
Device type (Desktop/Mobile/Tablet),Department of Agriculture,6/10/24,mobile,334489
Device type (Desktop/Mobile/Tablet),Department of Agriculture,6/10/24,desktop,310899
Device type (Desktop/Mobile/Tablet),Department of Agriculture,6/10/24,tablet,6506
Device type (Desktop/Mobile/Tablet),Department of Agriculture,6/9/24,mobile,325546
Device type (Desktop/Mobile/Tablet),Department of Agriculture,6/9/24,desktop,131188
Device type (Desktop/Mobile/Tablet),Department of Agriculture,6/9/24,tablet,6562
Device type (Desktop/Mobile/Tablet),Department of Agriculture,6/8/24,mobile,277361
Device type (Desktop/Mobile/Tablet),Department of Agriculture,6/8/24,desktop,113410
Device type (Desktop/Mobile/Tablet),Department of Agriculture,6/8/24,tablet,5240
Device type (Desktop/Mobile/Tablet),Department of Agriculture,6/7/24,mobile,280701
Device type (Desktop/Mobile/Tablet),Department of Agriculture,6/7/24,desktop,254565
Device type (Desktop/Mobile/Tablet),Department of Agriculture,6/7/24,tablet,5305
Device type (Desktop/Mobile/Tablet),Department of Agriculture,6/6/24,desktop,313778
Device type (Desktop/Mobile/Tablet),Department of Agriculture,6/6/24,mobile,299111
Device type (Desktop/Mobile/Tablet),Department of Agriculture,6/6/24,tablet,5766
Device type (Desktop/Mobile/Tablet),Department of Agriculture,6/5/24,desktop,307413
Device type (Desktop/Mobile/Tablet),Department of Agriculture,6/5/24,mobile,304317
Device type (Desktop/Mobile/Tablet),Department of Agriculture,6/5/24,tablet,6100
Device type (Desktop/Mobile/Tablet),Department of Agriculture,6/4/24,desktop,316198
Device type (Desktop/Mobile/Tablet),Department of Agriculture,6/4/24,mobile,288305
Device type (Desktop/Mobile/Tablet),Department of Agriculture,6/4/24,tablet,5789
Device type (Desktop/Mobile/Tablet),Department of Agriculture,6/3/24,desktop,340105
Device type (Desktop/Mobile/Tablet),Department of Agriculture,6/3/24,mobile,296521
Device type (Desktop/Mobile/Tablet),Department of Agriculture,6/3/24,tablet,5941
Device type (Desktop/Mobile/Tablet),Department of Agriculture,6/2/24,mobile,288791
Device type (Desktop/Mobile/Tablet),Department of Agriculture,6/2/24,desktop,128269
Device type (Desktop/Mobile/Tablet),Department of Agriculture,6/2/24,tablet,6040
Device type (Desktop/Mobile/Tablet),Department of Agriculture,6/1/24,mobile,270310
Device type (Desktop/Mobile/Tablet),Department of Agriculture,6/1/24,desktop,110448
Device type (Desktop/Mobile/Tablet),Department of Agriculture,6/1/24,tablet,5176